Name,DNS Name
BHTEST12R2-NEW,BHTEST12R2-NEW
DNS1,DNS1
DWtest12r2-new,DWtest12r2-new
FENAPPCCAD801V,FENAPPCCAD801V.us.maritz.net
FENAPPCCAP01,FENAPPCCAP01.mpn.local
FENAPPCCAP02,FENAPPCCAP02.mpn.local
FENAPPCCAT801v,FENAPPCCAT801v.us.maritz.net
FENAPPCCD02,FENAPPCCD02.mpn.local
FENAPPCCP02,FENAPPCCP02.mpn.local
FENAPPCENP01,FENAPPCENP01.mpn.local
FENAPPCENP02,FENAPPCENP02.mpni.local
FENAPPCPMP01,FENAPPCPMP01
FENAPPCSMT01,FENAPPCSMT01.us.maritz.net
FENAPPDITBD501v,FENAPPDITBD501V.us.maritz.net
FENAPPDITBT501v,FENAPPDITBT501V.us.maritz.net
FENAPPDLPP02,FENAPPDLPP02.us.maritz.net
FENAPPDLPP03,FENAPPDLPP03.us.maritz.net
FENAPPDLPP04,FENAPPDLPP04.us.maritz.net
FENAPPDLPP06,FENAPPDLPP06.us.maritz.net
FENAPPDLPP07,FENAPPDLPP07.us.maritz.net
FENAPPEDP02,fenappedp02.us.maritz.net
FENAPPEDP03,fenappedp03.us.maritz.net
FENAPPEDP06,fenappedp06.us.maritz.net
FENAPPEDP08,FENAPPEDP08.mpn.local
FENAPPEDP1101v,FENAPPEDP1101V.mpn.local
FENAPPEDP1102,FENAPPEDP1102.mpn.local
FENAPPEKMP02,FENAPPEKMP02.us.maritz.net
FENAPPEPOP02,fenappepop02.us.maritz.net
FENAPPEPOP03,FENAPPEPOP03.us.maritz.net
FENAPPFIND01,FENAPPFIND01.us.maritz.net
FENAPPFIND04,FENAPPFIND04.us.maritz.net
FENAPPFINP02,
FENAPPFINP03,FENAPPFINP03.us.maritz.net
FENAPPFINP04,FENAPPFINP04.us.maritz.net
FENAPPFINP05,FENAPPFINP05.us.maritz.net
FENAPPGATEWAY01,FENAPPGATEWAY01.us.maritz.net
FENAPPIEXP01,FENAPPIEXP01.us.maritz.net
FENAPPITP01,FENAPPITP01.us.maritz.net
FENAPPLAWP01,fenapplawp01.us.maritz.net
FENAPPMGD02,FENAPPMGD02.us.maritz.net
FENAPPMGP01,FENAPPMGP01.us.maritz.net
FENAPPMGP03,FENAPPMGP03.us.maritz.net
FENAPPMGP04,FENAPPMGP04.mpne.local
FENAPPMGP05,FENAPPMGP05.mneti.local
FENAPPMGP06,FENAPPMGP06.mnete.local
FENAPPMGP07,FENAPPMGP07.us.maritz.net
FENAPPMGP08,FENAPPMGP08.mpn.local
FENAPPMGP09,FENAPPMGP09.mpni.local
FENAPPMGP10,vmturbo.site
FENAPPMGP11,FENAPPMGP11.us.maritz.net
FENAPPMGP12,FENAPPMGP12.us.maritz.net
FENAPPMGP13,FENAPPMGP13.us.maritz.net
FENAPPMGP14,FENAPPMGP14.us.maritz.net
FENAPPMGP16,FENAPPMGP16.us.maritz.net
FENAPPMGP17,FENAPPMGP17.us.maritz.net
FENAPPMGP18,FENAPPMGP18.us.maritz.net
FENAPPMGP19,FENAPPMGP19.us.maritz.net
FENAPPMGP20,FENAPPMGP20.us.maritz.net
FENAPPMGP21,FENAPPMGP21.mneti.local
FENAPPMGTS01,FENAPPMGTS01.us.maritz.net
FENAPPMGTSP01,FENAPPMGTSP01.us.maritz.net
FENAPPMGTSP06,FENAPPMGTSP06.us.maritz.net
FENAPPMGTSP801v,FENAPPMGTSP801V.us.maritz.net
FENAPPMISP01,
FENAPPMLMP02,FENAPPMLMP02.us.maritz.net
FENAPPMLMP03,fenappmlmp03.mpn.local
FENAPPMLMP04,FENAPPMLMP04.mpn.local
FENAPPMLMS01,fenappmlms01.us.maritz.net
FENAPPMLMS02,FENAPPMLMS02.us.maritz.net
FENAPPMLP02,fenappmlp02.us.maritz.net
FENAPPMMD02,fenappmmd02.us.maritz.net
FENAPPMMP01,fenappmmp01.us.maritz.net
FENAPPMMP02,fenappmmp02.us.maritz.net
FENAPPMMP03,FENAPPMMP03.mpne.local
FENAPPMRP01,fenappmrp01.us.maritz.net
FENAPPMRP03,FENAPPMRP03.us.maritz.net
FENAPPMRP04,FENAPPMRP04.mnete.local
FENAPPMRP05,FENAPPMRP05.us.maritz.net
FENAPPMRP06,FENAPPMRP06.us.maritz.net
FENAPPMRP801v,FENAPPMRP801V.us.maritz.net
FENAPPMSAPVP03,FENAPPMSAPVP03.us.maritz.net
FENAPPMSAPVP04,FENAPPMSAPVP04.us.maritz.net
FENAPPMSAPVS01,FENAPPMSAPVS01.us.maritz.net
FENAPPMSKMSP01,FENAPPMSKMSP01.us.maritz.net
FENAPPNICEP01,fenappnicep01.us.maritz.net
FENAPPNICEP02,fenappnicep02.us.maritz.net
FENAPPNICEP03,FENAPPNICEP03.us.maritz.net
FENAPPNICEP04,FENAPPNICEP04.us.maritz.net
FENAPPNMSP01,FENAPPNMSP01.us.maritz.net
FENAPPNMSP03,FENAPPNMSP03.us.maritz.net
FENAPPNMSP04,FENAPPNMSP04.us.maritz.net
FENAPPNOC04,FENAPPNOC04.us.maritz.net
FENAPPOWAP01,fenappowap01.us.maritz.net
FENAPPOWAP02,fenappowap02.us.maritz.net
FENAPPPOLD01,FENAPPPOLD01.us.maritz.net
FENAPPPOLP01,FENAPPPOLP01.us.maritz.net
FENAPPPOLS01,FENAPPPOLS01.us.maritz.net
FENAPPPRN03,fenappprn03.us.maritz.net
FENAPPPROD03,Fenappprod03
FENAPPPROD10,
FENAPPSCCMP02,fenappsccmp02.us.maritz.net
FENAPPSCCMP03,fenappsccmp03.us.maritz.net
FENAPPSCCMP04,FENAPPSCCMP04.us.maritz.net
FENAPPSCCMP05,FENAPPSCCMP05.us.maritz.net
FENAPPSCCMP06,fenappsccmp06.us.maritz.net
FENAPPSCCMP07,FENAPPSCCMP07.us.maritz.net
FENAPPSCCMP08,FENAPPSCCMP08.us.maritz.net
FENAPPSCOMP01,FENAPPSCOMP01.us.maritz.net
FENAPPSECP03,fenappsecp03.us.maritz.net
FENAPPSECP08,FENAPPSECP08.us.maritz.net
FENAPPSECP09,FENAPPSECP09.us.maritz.net
FENAPPSEPP01,fenappsepp01.us.maritz.net
FENAPPSIM02,FENAPPSIM02.us.maritz.net
FENAPPSNSENVP01,FENAPPSNSENVP01.us.maritz.net
FENAPPSNSENVP02,FENAPPSNSENVP02.us.maritz.net
FENAPPSNSMGMP01,FENAPPSNSMGMP01.us.maritz.net
FENAPPSNSMGMP02,FENAPPSNSMGMP02.us.maritz.net
FENAPPSSP1001V,FENAPPSSP1001v.mpn.local
FENAPPSSP1002v,FENAPPSSP1002v.mpn.local
FENAPPSSS01,FENAPPSSS01.us.maritz.net
FENAPPSTG02,fenappstg02.us.maritz.net
FENAPPSVND01,FENAPPSVND01.us.maritz.net
FENAPPSVNP02,FENAPPSVNP02.us.maritz.net
FENAPPSYNP01,fenappsynp01.us.maritz.net
FENAPPSYNP02,FENAPPSYNP02.us.maritz.net
FENAPPTEST01,FENAPPTEST01
FENAPPTRAMSP02,FENAPPTRAMSP02.us.maritz.net
FENAPPVCP03,FENAPPVCP03.us.maritz.net
FENAPPVSRP01,FENAPPVSRP01.us.maritz.net
FENBES03,fenbes03.us.maritz.net
FENBES04,fenbes04.us.maritz.net
FENBES05,FENBES05.us.maritz.net
FENBESMVS01,FENBESMVS01.us.maritz.net
FENDCMNETE01,FENDCMNETE01.mnete.local
FENDCMNETE02,FENDCMNETE02.mnete.local
FENDCMNETI01,FENDCMNETI01.mneti.local
FENDCMNETI02,FENDCMNETI02.mneti.local
FENDCMPN01,FENDCMPN01.mpn.local
FENDCMPN02,FENDCMPN02.mpn.local
FENDCMPNE01,FENDCMPNE01.mpne.local
FENDCMPNE02,FENDCMPNE02.mpne.local
FENDCMPNI01,FENDCMPNI01.mpni.local
FENDCMPNI02,FENDCMPNI02.mpni.local
FENDCRT01,FENDCRT01.maritz.net
FENDCRT02,FENDCRT02.maritz.net
FENDCRT21,fendcrt21.maritz.net
FENDCUS13,FENDCUS13.us.maritz.net
FENDCUS14,FENDCUS14.us.maritz.net
FENDCUS21,FENDCUS21.us.maritz.net
FENDCUS22,FENDCUS22.us.maritz.net
FENDCUS23,FENDCUS23.us.maritz.net
FENDHCP01,fendhcp01.us.maritz.net
FENDHCP02,FENDHCP02.us.maritz.net
FENEXCH01,FENEXCH01.us.maritz.net
FENEXCH04,FENEXCH04.us.maritz.net
FENEXCH05,FENEXCH05.us.maritz.net
FENEXCH08,FENEXCH08.us.maritz.net
FENEXCH09,fenexch09.us.maritz.net
FENFTP07,fenftp07.mneti.local
FENFTP08,fenftp08.mneti.local
FENFTP10,fenftp10.us.maritz.net
FENFTP1002V,fenftp1002v.mpn.local
FENFTP1003,fenftp1003.mpn.local
FENFTP1006,fenftp1006.mpn.local
FENFTP1008,fenftp1008.us.maritz.net
FENFTP1009,FENFTP1009.us.maritz.net
FENFTP1010,FENFTP1010.us.maritz.net
FENFTP1012,FENFTP1012.us.maritz.net
FENFTP1013,FENFTP1013.us.maritz.net
FENFTP1014,FENFTP1014.us.maritz.net
FENFTP1015,FENFTP1015.us.maritz.net
FENFTP1016,FENFTP1016.us.maritz.net
FENFTP1017,FENFTP1017.us.maritz.net
FENFTP1018,FENFTP1018.us.maritz.net
FENFTP1019,FENFTP1019.mpn.local
FENFTP1020,FENFTP1020.us.maritz.net
FENFTP1027,FENFTP1027.us.maritz.net
FENFTP1028,FENFTP1028.mpn.local
FENFTP1029,FENFTP1029.mpn.local
FENFTP12,fenftp12.mneti.local
FENFTP13,fenftp13.mnete.local
FENFTP15,FENFTP15.mpni.local
FENFTP17,FENFTP17.mneti.local
FENFTP18,FENFTP18.mneti.local
FENFTP23,FENFTP23.mnete.local
FENFTP801V,FENFTP801V.us.maritz.net
FENFTP802V,FENFTP802V.us.maritz.net
FENFTP803,fenftp803.us.maritz.net
FENITRDSP01,FENITRDSP01.mpn.local
FENITRDSP02,FENITRDSP02.us.maritz.net
FENITRDSP03,FENITRDSP03.mpn.local
FENITRDSP04,FENITRDSP04.us.maritz.net
FENITRDSP05,FENITRDSP05.mpn.local
FENITRDSP06,FENITRDSP06
FENLB01,fenlb01.maritz.com
FENLCS05,FENLCS05.mneti.local
FENLXACS01,fenlxacs01
FENLXADM01,
FENLXADM02,fenlxadm02.maritz.com
FENLXADMPXY01,fenlxadmpxy01
FENLXAIR01,
FENLXAPPDIALP02,fenlxappdialp02.maritz.com
FENLXBLD01,
FENLXBLD02,fenlxbld02
FENLXCSID01,
FENLXCSIP01,
FENLXCSIPXYP01,fenlxcsipxyp01
FENLXCSIPXYS01,fenlxcsipxys01
FENLXCSIS01,
FENLXCSIWAPD01,fenlxcsiwapd01
FENLXCSIWAPP01,fenlxcsiwapp01
FENLXCSIWAPS01,fenlxcsiwaps01
FENLXEASPXYT01,fenlxeaspxyt01
FENLXMCRPORT01,fenlxmcrport01
FENLXMGCEND03,fenlxmgcend03
FENLXMGSATP01,
FENLXMM1FSP01,fenlxmm1fsp01
FENLXMM1FSP02,fenlxmm1fsp02
FENLXMM1FST01,fenlxmm1fst01
FENLXMM1FST02,fenlxmm1fst02
FENLXMMAAPD01,fenlxmmaapd01
FENLXMMAAPD10,fenlxmmaapd10
FENLXMMAAPP01,fenlxmmaapp01
FENLXMMAAPS01,fenlxmmaaps01
FENLXMMAUXP01,fenlxmmauxp01
FENLXMMBLD01,fenlxmmbld01
FENLXMMBLDP01,fenlxmmbldp01
FENLXMMBLDP01-NEW,fenlxmmbldp01
FENLXMMBLMP01,fenlxmmblmp01
FENLXMMBLMT01,fenlxmmblmt01
FENLXMMCAP01,fenlxmmcap01
FENLXMMCASP01,fenlxmmcasp01
FENLXMMCAST01,fenlxmmcast01
FENLXMMCAT01,fenlxmmcat01
FENLXMMD01,fenlxmmd01
FENLXMMD02,fenlxmmd02
FENLXMMD03,fenlxmmd03
fenlxmmecmp01,fenlxmmecmp01
FENLXMMENDP01,fenlxmmendp01.maritz.com
FENLXMMENDP02,fenlxmmendp02
FENLXMMENDT01,fenlxmmendt01
FENLXMMENDT02,fenlxmmendt02
FENLXMMNHQD01,fenlxmmnhqd01
FENLXMMNHQP01,fenlxmmnhqp01
FENLXMMNHQP02,fenlxmmnhqp02
FENLXMMNHQS01,fenlxmmnhqs01
FENLXMMNHQS02,fenlxmmnhqs02
FENLXMMPESP01,fenlxmmpesp01
FENLXMMPLMP01,fenlxmmplmp01
FENLXMMPLMT01,fenlxmmplmt01
FENLXMMPRVP01,fenlxmmprvp01
FENLXMMPRVT01,fenlxmmprvt01
FENLXMMPSP01,fenlxmmpsp01
FENLXMMPSP02,fenlxmmpsp02
FENLXMMPSP03,fenlxmmpsp03
FENLXMMPSP04,fenlxmmpsp04
FENLXMMPST01,fenlxmmpst01
FENLXMMPST02,fenlxmmpst02
FENLXMMPXYD05,fenlxmmpxyd05
FENLXMMPXYP01,fenlxmmpxyp01
FENLXMMPXYP02,fenlxmmpxyp02
FENLXMMPXYP03,fenlxmmpxyp03
FENLXMMPXYP04,fenlxmmpxyp04
FENLXMMPXYP05,fenlxmmpxyp05
FENLXMMPXYP06,fenlxmmpxyp06
FENLXMMPXYP07,fenlxmmpxyp07
FENLXMMPXYP08,fenlxmmpxyp08
FENLXMMPXYP50,fenlxmmpxyp50
FENLXMMPXYS01,fenlxmmpxys01
FENLXMMPXYT01,fenlxmmpxyt01
FENLXMMPXYT02,fenlxmmpxyt02
FENLXMMPXYT03,fenlxmmpxyt03
FENLXMMPXYT04,fenlxmmpxyt04
FENLXMMQRTD01,fenlxmmqrtd01
FENLXMMQRTS30,fenlxmmqrts30
FENLXMMSCP01,fenlxmmscp01
FENLXMMWAPD01,fenlxmmwapd01
FENLXMMWAPD10,fenlxmmwapd10
FENLXMMWAPP01,fenlxmmwapp01
FENLXMMWAPP50,fenlxmmwapp50
FENLXMMWAPS01,fenlxmmwaps01
FENLXMRDEV02,fenlxmrdev02
FENLXMRDEV03,fenlxmrdev03
FENLXMTD03,fenlxmtd03
FENLXMTP16,fenlxmtp16
FENLXMTP17,fenlxmtp17
FENLXMTP18,fenlxmtp18
FENLXMTP19,fenlxmtp19
FENLXMTP20,fenlxmtp20
FENLXMTP21,fenlxmtp21.maritz.com
FENLXMTP22,fenlxmtp22
FENLXMTP23,fenlxmtp23
FENLXMTP24,fenlxmtp24
FENLXMTP25,fenlxmtp25
FENLXMTP26,fenlxmtp26
FENLXMTP27,fenlxmtp27
FENLXMTP28,fenlxmtp28
FENLXMTP29,fenlxmtp29
FENLXMTT05,fenlxmtt05
FENLXMTT06,fenlxmtt06
FENLXMTT07,fenlxmtt07
FENLXMTT08,fenlxmtt08
FENLXMTT09,fenlxmtt09
FENLXMTT10,fenlxmtt10
FENLXMTT11,fenlxmtt11
FENLXMTT12,fenlxmtt12
FENLXMTWAPT12-delete,fenlxmtwapt12
FENLXMTWEBT11-delete,fenlxmtwebt11
FENLXORCLP01,fenlxorclp01
FENLXQRAD01,fenlxqrad01
FENLXRPT02,fenlxrpt02.maritz.com
FENLXSECP01,fenlxsecp01
FENLXSECP02,fenlxsecp02.maritz.com
FENLXSECT01,fenlxsect01.maritz.com
FENLXTCATD01,
FENLXTCATP01,fenlxtcatp01
FENLXTCATS01,
FENLXTELEBKP01,fenlxtelebkp01.maritz.com
FENMRCATI01,fenmrcati01
FENMRDEV01,
FENMRDEV03,
FENMRDEV04,fenmrdev04
FENMRPXY01,fenmrpxy01
FENMRPXY02,fenmrpxy02
FENMRPXY03,fenmrpxy03
FENMRPXY04,
FENMRPXY05,fenmrpxy05
FENMRTEST03,fenmrtest03
FENMRWEB03,
FENMRWEB06,fenmrweb06
FENMSG01,FENMSG01.us.maritz.net
FENMSG08,FENMSG08.us.maritz.net
FENMSG98,FENMSG98.maritz.net
FENMSG99,FENMSG99.us.maritz.net
FENMSGIAC01,FENMSGIAC01.us.maritz.net
FENMTA29,fenmta29.us.maritz.net
FENMTA30,fenmta30.us.maritz.net
FENOFFC301,FENOFFC301.us.maritz.net
FENOFFC302,FENOFFC302.us.maritz.net
FENOWA06,FENOWA06.us.maritz.net
FENPRNT001,FENPRNT001.us.maritz.net
FENPRNT002,FENPRNT002.us.maritz.net
FENPRNT003,FENPRNT003.us.maritz.net
FENPRNT004,FENPRNT004.us.maritz.net
FENRDSLCNSP02,FENRDSLCNSP02.mpn.local
FENRIS02,fenris02.us.maritz.net
FENRIS04,fenris04.us.maritz.net
FENRPTMGP03,
FENRPTMLMP02,fenrptmlmp02.mneti.local
FENRPTMLMP03,FENRPTMLMP03.mneti.local
FENSANMGMT07,FENSANMGMT07.us.maritz.net
FENSANMGMT08,FENSANMGMT08.us.maritz.net
FENSANMGMT09,FENSANMGMT09.us.maritz.net
FENSANMGMT10,FENSANMGMT10.us.maritz.net
FENSQLADMD01,FENSQLADMD01.us.maritz.net
FENSQLADMD02,FENSQLADMD02.us.maritz.net
FENSQLADMP01,FENSQLADMP01.us.maritz.net
FENSQLADMP02,FENSQLADMP02.us.maritz.net
FENSQLCSID02,FENSQLCSID02.us.maritz.net
FENSQLCSIP01,FENSQLCSIP01.us.maritz.net
FENSQLCSIP02,FENSQLCSIP02.us.maritz.net
FENSQLCSIP03,FENSQLCSIP03.us.maritz.net
FENSQLCSIS02,FENSQLCSIS02.us.maritz.net
FENSQLMCP02,FENSQLMCP02.us.maritz.net
FENSQLMCP03,FENSQLMCP03.us.maritz.net
FENSQLMCP04,FENSQLMCP04.us.maritz.net
FENSQLMCP05,FENSQLMCP05.us.maritz.net
FENSQLMCP06,FENSQLMCP06.us.maritz.net
FENSQLMCP08,FENSQLMCP08.us.maritz.net
FENSQLMCP09,FENSQLMCP09.us.maritz.net
FENSQLMCP10,FENSQLMCP10.us.maritz.net
FENSQLMCP11,FENSQLMCP11.us.maritz.net
FENSQLMCP12,FENSQLMCP12.us.maritz.net
FENSQLMCP13,FENSQLMCP13.us.maritz.net
FENSQLMCS02,FENSQLMCS02.us.maritz.net
FENSQLMCS03,FENSQLMCS03.us.maritz.net
FENSQLMCS05,FENSQLMCS05.us.maritz.net
FENSQLMCS06,FENSQLMCS06.us.maritz.net
FENSQLMCS07,FENSQLMCS07.us.maritz.net
FENSQLMGD02,FENSQLMGD02.us.maritz.net
FENSQLMGD03,FENSQLMGD03.us.maritz.net
FENSQLMGD05,fensqlmgd05.us.maritz.net
FENSQLMGD06,FENSQLMGD06.us.maritz.net
FENSQLMGD07,FENSQLMGD07.us.maritz.net
FENSQLMGD08,FENSQLMGD08.us.maritz.net
FENSQLMGP01,FENSQLMGP01.us.maritz.net
FENSQLMGP02,FENSQLMGP02.us.maritz.net
FENSQLMGP03,FENSQLMGP03.mpn.local
FENSQLMGP05,FENSQLMGP05.us.maritz.net
FENSQLMGP06,FENSQLMGP06.us.maritz.net
FENSQLMGP07,FENSQLMGP07.us.maritz.net
FENSQLMGP08,FENSQLMGP08.us.maritz.net
FENSQLMGP09,FENSQLMGP09.mpn.local
FENSQLMGP10,FENSQLMGP10.us.maritz.net
FENSQLMGP11,FENSQLMGP11.us.maritz.net
FENSQLMGP12,fensqlmgp12.us.maritz.net
FENSQLMGP13,FENSQLMGP13.us.maritz.net
FENSQLMGP14,FENSQLMGP14.us.maritz.net
FENSQLMGP16,FENSQLMGP16.us.maritz.net
FENSQLMGP17,FENSQLMGP17.us.maritz.net
FENSQLMGP19,FENSQLMGP19.us.maritz.net
FENSQLMGP20,FENSQLMGP20.us.maritz.net
FENSQLMGP21,FENSQLMGP21.us.maritz.net
FENSQLMGP22,FENSQLMGP22.us.maritz.net
FENSQLMGS01,FENSQLMGS01.us.maritz.net
FENSQLMGS03,FENSQLMGS03.us.maritz.net
FENSQLMGT01,
FENSQLMGTSD06,FENSQLMGTSD06.us.maritz.net
FENSQLMGTSD07,FENSQLMGTSD07.us.maritz.net
FENSQLMGTSP26,FENSQLMGTSP26.us.maritz.net
FENSQLMGTSP27,FENSQLMGTSP27.us.maritz.net
FENSQLMGTSS02,FENSQLMGTSS02.us.maritz.net
FENSQLMLMD11,FENSQLMLMD11.us.maritz.net
FENSQLMLMD12,FENSQLMLMD12.us.maritz.net
FENSQLMLMD14,FENSQLMLMD14.us.maritz.net
FENSQLMLMP61,FENSQLMLMP61.us.maritz.net
FENSQLMLMS21,FENSQLMLMS21.us.maritz.net
FENSQLMMD02,FENSQLMMD02.us.maritz.net
FENSQLMMD03,FENSQLMMD03.us.maritz.net
FENSQLMMD04,FENSQLMMD04.us.maritz.net
FENSQLMMD06,FENSQLMMD06.us.maritz.net
FENSQLMMD07,FENSQLMMD07.us.maritz.net
FENSQLMMD08,FENSQLMMD08.us.maritz.net
FENSQLMMD09,FENSQLMMD09.us.maritz.net
FENSQLMMD10,FENSQLMMD10.us.maritz.net
FENSQLMMD11,FENSQLMMD11.us.maritz.net
FENSQLMMD12,FENSQLMMD12.us.maritz.net
FENSQLMMP03,FENSQLMMP03.us.maritz.net
FENSQLMMP04,FENSQLMMP04.us.maritz.net
FENSQLMMP05,FENSQLMMP05.us.maritz.net
FENSQLMMP09,FENSQLMMP09.us.maritz.net
FENSQLMMP10,FENSQLMMP10.mpn.local
FENSQLMMP11,FENSQLMMP11.us.maritz.net
FENSQLMMP12,FENSQLMMP12.us.maritz.net
FENSQLMMP13,FENSQLMMP13.us.maritz.net
FENSQLMMP14,FENSQLMMP14.us.maritz.net
FENSQLMMP15,FENSQLMMP15.us.maritz.net
FENSQLMMP16,FENSQLMMP16.us.maritz.net
FENSQLMMP17,FENSQLMMP17.us.maritz.net
FENSQLMMP18,FENSQLMMP18.mpn.local
FENSQLMMP19,FENSQLMMP19.us.maritz.net
FENSQLMMP20,FENSQLMMP20.us.maritz.net
FENSQLMMP21,FENSQLMMP21.us.maritz.net
FENSQLMMP22,FENSQLMMP22.mpn.local
FENSQLMMP23,FENSQLMMP23.us.maritz.net
FENSQLMMP24,fensqlmmp24.us.maritz.net
FENSQLMMP25,FENSQLMMP25.us.maritz.net
FENSQLMMP26,FENSQLMMP26.us.maritz.net
FENSQLMMS01,FENSQLMMS01.us.maritz.net
FENSQLMMS02,FENSQLMMS02.us.maritz.net
FENSQLMMS03,FENSQLMMS03.mpn.local
FENSQLMMS04,FENSQLMMS04.us.maritz.net
FENSQLMMS06,FENSQLMMS06.us.maritz.net
FENSQLMMS08,FENSQLMMS08.us.maritz.net
FENSQLMMS09,FENSQLMMS09.us.maritz.net
FENSQLMMS10,FENSQLMMS10.us.maritz.net
FENSQLMMS11,FENSQLMMS11.mpn.local
FENSQLMMT01,FENSQLMMT01.us.maritz.net
FENSQLMPCD02,FENSQLMPCD02.us.maritz.net
FENSQLMPCP02,FENSQLMPCP02.us.maritz.net
FENSQLMRD15,FENSQLMRD15.us.maritz.net
FENSQLMRD16,FENSQLMRD16.us.maritz.net
FENSQLMRD17,FENSQLMRD17.us.maritz.net
FENSQLMRD19,FENSQLMRD19.us.maritz.net
FENSQLMRD20,FENSQLMRD20.us.maritz.net
FENSQLMRD21,FENSQLMRD21.us.maritz.net
FENSQLMRD22,FENSQLMRD22.us.maritz.net
FENSQLMRD23,FENSQLMRD23.us.maritz.net
FENSQLMRD24,FENSQLMRD24.us.maritz.net
FENSQLMRD25,FENSQLMRD25.us.maritz.net
FENSQLMRD26,FENSQLMRD26.us.maritz.net
FENSQLMRD27,FENSQLMRD27.us.maritz.net
FENSQLMRP100,FENSQLMRP100.us.maritz.net
FENSQLMRP101,FENSQLMRP101.us.maritz.net
FENSQLMRP102,FENSQLMRP102.us.maritz.net
FENSQLMRP103,FENSQLMRP103.us.maritz.net
FENSQLMRP104,FENSQLMRP104.us.maritz.net
FENSQLMRP105,FENSQLMRP105.us.maritz.net
FENSQLMRP106,FENSQLMRP106.us.maritz.net
FENSQLMRP107,FENSQLMRP107.us.maritz.net
FENSQLMRP108,FENSQLMRP108.us.maritz.net
FENSQLMRP109,FENSQLMRP109.us.maritz.net
FENSQLMRP110,FENSQLMRP110.us.maritz.net
FENSQLMRP111,FENSQLMRP111.us.maritz.net
FENSQLMRP112,FENSQLMRP112.us.maritz.net
FENSQLMRP113,FENSQLMRP113.us.maritz.net
FENSQLMRP114,FENSQLMRP114.us.maritz.net
FENSQLMRP117,FENSQLMRP117.us.maritz.net
FENSQLMRP118,FENSQLMRP118.us.maritz.net
FENSQLMRP119,FENSQLMRP119.us.maritz.net
FENSQLMRP120,FENSQLMRP120.us.maritz.net
FENSQLMRP126,FENSQLMRP126.us.maritz.net
FENSQLMRP46,FENSQLMRP46.us.maritz.net
FENSQLMRP47,FENSQLMRP47.us.maritz.net
FENSQLMRP48,FENSQLMRP48.us.maritz.net
FENSQLMRP50,Fensqlmrp50.us.maritz.net
FENSQLMRP51,FENSQLMRP51.us.maritz.net
FENSQLMRP52,FENSQLMRP52.us.maritz.net
FENSQLMRP60,FENSQLMRP60.us.maritz.net
FENSQLMRP67,FENSQLMRP67.us.maritz.net
FENSQLMRP68,FENSQLMRP68.us.maritz.net
FENSQLMRP69,FENSQLMRP69.us.maritz.net
FENSQLMRP71,FENSQLMRP71.us.maritz.net
FENSQLMRP72,FENSQLMRP72.us.maritz.net
FENSQLMRP73,FENSQLMRP73.us.maritz.net
FENSQLMRP74,FENSQLMRP74.us.maritz.net
FENSQLMRP75,FENSQLMRP75.us.maritz.net
FENSQLMRP76,FENSQLMRP76.us.maritz.net
FENSQLMRP78,FENSQLMRP78.us.maritz.net
FENSQLMRP79,FENSQLMRP79.us.maritz.net
FENSQLMRP81,FENSQLMRP81.us.maritz.net
FENSQLMRP87,FENSQLMRP87.us.maritz.net
FENSQLMRP88,FENSQLMRP88.us.maritz.net
FENSQLMRP89,FENSQLMRP89.us.maritz.net
FENSQLMRP90,FENSQLMRP90.us.maritz.net
FENSQLMRP91,FENSQLMRP91.us.maritz.net
FENSQLMRP92,FENSQLMRP92.us.maritz.net
FENSQLMRP93,FENSQLMRP93.us.maritz.net
FENSQLMRP94,FENSQLMRP94.us.maritz.net
FENSQLMRP95,FENSQLMRP95.us.maritz.net
FENSQLMRP96,FENSQLMRP96.us.maritz.net
FENSQLMRP97,FENSQLMRP97.us.maritz.net
FENSQLMRP98,FENSQLMRP98.us.maritz.net
FENSQLMRP99,FENSQLMRP99.us.maritz.net
FENSQLMRS07,FENSQLMRS07.us.maritz.net
FENSQLMRS08,FENSQLMRS08.us.maritz.net
FENSQLMRS09,FENSQLMRS09.us.maritz.net
FENSQLMRS10,FENSQLMRS10.us.maritz.net
FENSQLMRS13,FENSQLMRS13.us.maritz.net
FENSQLMRS14,FENSQLMRS14.us.maritz.net
FENSQLMRS15,FENSQLMRS15.us.maritz.net
FENSQLMRS16,FENSQLMRS16.us.maritz.net
FENSQLMRS17,FENSQLMRS17.us.maritz.net
FENSQLMRS18,FENSQLMRS18.us.maritz.net
FENSQLMRS19,FENSQLMRS19.us.maritz.net
FENSQLMRS20,FENSQLMRS20.us.maritz.net
FENSQLMRS25,FENSQLMRS25.us.maritz.net
FENSQLMRS26,FENSQLMRS26.us.maritz.net
FENSQLMRS27,FENSQLMRS27.us.maritz.net
FENSQLMRS29,FENSQLMRS29.us.maritz.net
FENSQLMRS30,FENSQLMRS30.us.maritz.net
FENSQLMRS32,FENSQLMRS32.us.maritz.net
FENSQLMRS34,FENSQLMRS34.us.maritz.net
FENSQLMRS35,FENSQLMRS35.us.maritz.net
FENSQLMRS36,FENSQLMRS36.us.maritz.net
FENSQLMRT02,FENSQLMRT02.us.maritz.net
FENSQLMRT03,FENSQLMRT03.us.maritz.net
FENSQLMTD02,FENSQLMTD02.us.maritz.net
FENSQLMTP01,fensqlmtp01.us.maritz.net
FENSQLMTP02,FENSQLMTP02.us.maritz.net
FENSQLMTT01,
FENSQLNICEP01,FENSQLNICEP01.us.maritz.net
FENSQLNICEP02,FENSQLNICEP02.us.maritz.net
FENSQLNICEP03,FENSQLNICEP03.us.maritz.net
FENSQLVCP03,FENSQLVCP03.us.maritz.net
FENTELCUPMP01,fentelcupmp01.us.maritz.net
FENTSLCNS1101v,FENTSLCNS1101v.mpn.local
FENTSMGMT02,fentsmgmt02.us.maritz.net
FENTSVR100,FENTSVR100.us.maritz.net
FENTSVR1003,fentsvr1003.mpn.local
FENTSVR1004,fentsvr1004.us.maritz.net
FENTSVR1007,fentsvr1007.us.maritz.net
FENTSVR1008,fentsvr1008.us.maritz.net
FENTSVR1011,fentsvr1011.us.maritz.net
FENTSVR1014,fentsvr1014.us.maritz.net
FENTSVR1015,FENTSVR1015.us.maritz.net
FENTSVR1016,FENTSVR1016.us.maritz.net
FENTSVR1017,FENTSVR1017.us.maritz.net
FENTSVR1018,FENTSVR1018.us.maritz.net
FENTSVR1019,FENTSVR1019.us.maritz.net
FENTSVR1021,FENTSVR1021.us.maritz.net
FENTSVR1022,FENTSVR1022.mpn.local
FENTSVR1023,FENTSVR1023.us.maritz.net
FENTSVR1025,FENTSVR1025.us.maritz.net
FENTSVR1026,FENTSVR1026.us.maritz.net
FENTSVR1027,FENTSVR1027.us.maritz.net
FENTSVR1030,FENTSVR1030.us.maritz.net
FENTSVR1031,FENTSVR1031.us.maritz.net
FENTSVR1102v,FENTSVR1102v.mpn.local
FENTSVR801V,FENTSVR801V.us.maritz.net
FENTSVR803v,FENTSVR803v.us.maritz.net
FENTSVR804v,FENTSVR804v.us.maritz.net
FENTSVRMNETE01,fentsvrmnete01.mnete.local
FENTSVRMNETI01,fentsvrmneti01.mneti.local
FENTSVRMPNE01,fentsvrmpne01.mpne.local
FENTSVRMPNE02,FENTSVRMPNE02.mpne.local
FENTSVRMPNI01,fentsvrmpni01.mpni.local
FENWAPAFISD03,fenwapafisd03.us.maritz.net
FENWAPAFISD501v,FENWAPAFISD501V.us.maritz.net
FENWAPAFISP01,fenwapafisp01.us.maritz.net
FENWAPCSIP01,FENWAPCSIP01.us.maritz.net
FENWAPMAPD01,fenwapmapd01.us.maritz.net
FENWAPMAPP04,fenwapmapp04.us.maritz.net
FENWAPMAPP05,fenwapmapp05.us.maritz.net
FENWAPMAPP10,fenwapmapp10.mpn.local
FENWAPMAPP11,fenwapmapp11.us.maritz.net
FENWAPMAPP12,fenwapmapp12.mneti.local
FENWAPMAPP13,fenwapmapp13.us.maritz.net
FENWAPMAPP14,fenwapmapp14.us.maritz.net
FENWAPMAPS02,fenwapmaps02.us.maritz.net
FENWAPMCP03,fenwapmcp03.us.maritz.net
FENWAPMCP04,fenwapmcp04.us.maritz.net
FENWAPMCP05,fenwapmcp05.us.maritz.net
FENWAPMCP06,fenwapmcp06.us.maritz.net
FENWAPMCP07,FENWAPMCP07.mpn.local
FENWAPMCP08,FENWAPMCP08.mpn.local
FENWAPMCP09,FENWAPMCP09.us.maritz.net
FENWAPMCP10,FENWAPMCP10.mpn.local
FENWAPMCP11,FENWAPMCP11.us.maritz.net
FENWAPMCS02,FENWAPMCS02.us.maritz.net
FENWAPMCS03,FENWAPMCS03.us.maritz.net
FENWAPMCS801V,FENWAPMCS801V.us.maritz.net
FENWAPMESP02,fenwapmesp02.us.maritz.net
FENWAPMGD02,fenwapmgd02.us.maritz.net
FENWAPMGD04,FENWAPMGD04.us.maritz.net
FENWAPMGD05,fenwapmgd05.us.maritz.net
FENWAPMGD06,FENWAPMGD06.us.maritz.net
FENWAPMGD07,FENWAPMGD07.us.maritz.net
FENWAPMGD08,FENWAPMGD08.us.maritz.net
FENWAPMGP02,fenwapmgp02.us.maritz.net
FENWAPMGP02-NEW,FENWAPMGP02-NEW.us.maritz.net
FENWAPMGP03,fenwapmgp03.us.maritz.net
FENWAPMGP04,FENWAPMGP04.us.maritz.net
FENWAPMGP09,FENWAPMGP09.us.maritz.net
FENWAPMGP10,FENWAPMGP10.us.maritz.net
FENWAPMGP11,FENWAPMGP11.us.maritz.net
FENWAPMGP12,FENWAPMGP12.us.maritz.net
FENWAPMGP13,fenwapmgp13.us.maritz.net
FENWAPMGP14,FENWAPMGP14.us.maritz.net
FENWAPMGP15,FENWAPMGP15.us.maritz.net
FENWAPMGP16,FENWAPMGP16.us.maritz.net
FENWAPMGP17,FENWAPMGP17.us.maritz.net
FENWAPMGP20,FENWAPMGP20.mneti.local
FENWAPMGP21,FENWAPMGP21.mneti.local
FENWAPMGP22,FENWAPMGP22.us.maritz.net
FENWAPMGS01,FENWAPMGS01.us.maritz.net
FENWAPMGS02,FENWAPMGS02.us.maritz.net
FENWAPMGS03,fenwapmgs03.us.maritz.net
FENWAPMGS04,FENWAPMGS04.us.maritz.net
FENWAPMGS06,
FENWAPMGS07,
FENWAPMGT11,FENWAPMGT11.us.maritz.net
FENWAPMGT12,FENWAPMGT12.us.maritz.net
FENWAPMLMD10,fenwapmlmd10.us.maritz.net
FENWAPMLMD11,fenwapmlmd11.us.maritz.net
FENWAPMLMD12,fenwapmlmd12.us.maritz.net
FENWAPMLMD15,fenwapmlmd15.us.maritz.net
FENWAPMLMP37,fenwapmlmp37.mpn.local
FENWAPMLMP38,fenwapmlmp38.mpn.local
FENWAPMLMP48,fenwapmlmp48.mpn.local
FENWAPMLMP49,fenwapmlmp49.mpn.local
fenwapmlmp506,fenwapmlmp506
fenwapmlmp507,fenwapmlmp507
fenwapmlmp508,fenwapmlmp508
fenwapmlmp509,fenwapmlmp509
fenwapmlmp510,fenwapmlmp510
FENWAPMLMP73,fenwapmlmp73
FENWAPMLMP79,fenwapmlmp79.us.maritz.net
FENWAPMLMS04,
FENWAPMLMS20,fenwapmlms20.us.maritz.net
FENWAPMMD01,fenwapmmd01.us.maritz.net
FENWAPMMD03,FENWAPMMD03.us.maritz.net
FENWAPMMD04,FENWAPMMD04.us.maritz.net
FENWAPMMD05,FENWAPMMD05.us.maritz.net
FENWAPMMD06,FENWAPMMD06.us.maritz.net
FENWAPMMD07,FENWAPMMD07.us.maritz.net
FENWAPMMP01,fenwapmmp01.us.maritz.net
FENWAPMMP03,fenwapmmp03.us.maritz.net
FENWAPMMP05,fenwapmmp05.us.maritz.net
FENWAPMMP06,fenwapmmp06.mpn.local
FENWAPMMP07,fenwapmmp07.mpn.local
FENWAPMMP08,FENWAPMMP08.us.maritz.net
FENWAPMMP09,FENWAPMMP09.mpn.local
FENWAPMMP10,FENWAPMMP10.mpn.local
FENWAPMMP11,FENWAPMMP11.mpn.local
FENWAPMMP12,FENWAPMMP12.us.maritz.net
FENWAPMMP13,FENWAPMMP13.us.maritz.net
FENWAPMMP14,FENWAPMMP14.us.maritz.net
FENWAPMMP15,FENWAPMMP15.us.maritz.net
FENWAPMMP16,FENWAPMMP16.us.maritz.net
FENWAPMMP26,FENWAPMMP26.us.maritz.net
FENWAPMMP27,FENWAPMMP27.us.maritz.net
FENWAPMMP29,FENWAPMMP29.us.maritz.net
FENWAPMMP30,FENWAPMMP30.us.maritz.net
FENWAPMMP31,FENWAPMMP31.us.maritz.net
FENWAPMMP32,FENWAPMMP32.us.maritz.net
FENWAPMMP33,FENWAPMMP33.us.maritz.net
FENWAPMMP34,FENWAPMMP34.us.maritz.net
FENWAPMMP36,FENWAPMMP36.us.maritz.net
FENWAPMMP37,FENWAPMMP37.us.maritz.net
FENWAPMMP38,FENWAPMMP38.us.maritz.net
FENWAPMMP39,FENWAPMMP39.us.maritz.net
FENWAPMMP40,FENWAPMMP40.us.maritz.net
FENWAPMMP41,FENWAPMMP41.mpn.local
FENWAPMMP42,FENWAPMMP42.mpn.local
FENWAPMMP44,FENWAPMMP44.mpn.local
FENWAPMMS01,fenwapmms01.us.maritz.net
FENWAPMMS02,FENWAPMMS02.mpn.local
FENWAPMMS03,FENWAPMMS03.mpn.local
FENWAPMMS05,FENWAPMMS05.us.maritz.net
FENWAPMMS06,FENWAPMMS06.us.maritz.net
FENWAPMMS07,FENWAPMMS07.us.maritz.net
FENWAPMMS08,FENWAPMMS08.us.maritz.net
FENWAPMRP16,fenwapmrp16.us.maritz.net
FENWAPMRP17,fenwapmrp17.us.maritz.net
FENWAPMRP19,fenwapmrp19.us.maritz.net
FENWAPMRP20,fenwapmrp20.us.maritz.net
FENWAPMRP21,fenwapmrp21.us.maritz.net
FENWAPMRP25,FENWAPMRP25.us.maritz.net
FENWAPMRP26,FENWAPMRP26.us.maritz.net
FENWAPMRP27,FENWAPMRP27.us.maritz.net
FENWAPMTP27,fenwapmtp27.us.maritz.net
FENWAPMTP28,fenwapmtp28.us.maritz.net
FENWAPMTP39,FENWAPMTP39.mpn.local
FENWAPMTP40,FENWAPMTP40.mpn.local
FENWAPMTP41,FENWAPMTP41.us.maritz.net
FENWAPMTP42,FENWAPMTP42.us.maritz.net
FENWAPMTP43,FENWAPMTP43.us.maritz.net
FENWAPMTP44,FENWAPMTP44.us.maritz.net
FENWAPMTP45,FENWAPMTP45.us.maritz.net
FENWAPMTP46,FENWAPMTP46.us.maritz.net
FENWAPMTP49,FENWAPMTP49.us.maritz.net
FENWAPMTP50,FENWAPMTP50.us.maritz.net
FENWAPMTP51,FENWAPMTP51.us.maritz.net
FENWAPMTS12,FENWAPMTS12.us.maritz.net
FENWAPMTS13,FENWAPMTS13.us.maritz.net
FENWAPMTS15,
FENWAPMTS16,FENWAPMTS16.us.maritz.net
FENWAPMTS17,FENWAPMTS17.us.maritz.net
FENWAPMTS20,FENWAPMTS20.us.maritz.net
FENWAPNMSP03,FENWAPNMSP03.mpn.local
FENWAPNMSP04,FENWAPNMSP04.mneti.local
FENWAPNMSP05,FENWAPNMSP05.us.maritz.net
FENWAPNMSP06,
FENWAPNMSP07,
FENWAPNMSP08,
FENWAPNMSP09,FENWAPNMSP09.mneti.local
FENWAPNMSP10,FENWAPNMSP10.mpn.local
FENWAPNMSP11,
FENWAPNMSP12,FENWAPNMSP12.us.maritz.net
FENWAPNMSP13,FENWAPNMSP13.us.maritz.net
FENWAPNMSP14,FENWAPNMSP14.us.maritz.net
FENWAPNMSP15,FENWAPNMSP15.mpn.local
FENWAPNMSP16,FENWAPNMSP16.mneti.local
FENWAPNMSP17,
FENWAPREWP09,FENWAPREWP09.us.maritz.net
FENWAPREWP10,FENWAPREWP10.us.maritz.net
FENWAPREWP11,FENWAPREWP11.us.maritz.net
FENWAPREWP12,FENWAPREWP12.us.maritz.net
FENWAPSCS01,fenwapscs01.us.maritz.net
FENWAPSISD01,FENWAPSISD01.us.maritz.net
fenwapsmp02,fenwapsmp02.us.maritz.net
FENWAPTFSD08,FENWAPTFSD08.us.maritz.net
FENWAPTFSD09,FENWAPTFSD09.us.maritz.net
FENWAPTFSP07,FENWAPTFSP07.us.maritz.net
FENWAPTFSP08,FENWAPTFSP08.us.maritz.net
FENWAPTFSP09,FENWAPTFSP09.us.maritz.net
FENWAPUCMDBD03,FENWAPUCMDBD03.us.maritz.net
FENWAPUCMDBP02,fenwapucmdbp02.us.maritz.net
FENWAPUCMDBP04,FENWAPUCMDBP04.us.maritz.net
FENWAPUCMDBS01,FENWAPUCMDBS01.us.maritz.net
FENWDBMMP01,FENWDBMMP01.us.maritz.net
FENWDSP01,FENWDSP01.us.maritz.net
FENWDSP02,FENWDSP02.us.maritz.net
FENWEBCSID01,FENWEBCSID01.us.maritz.net
FENWEBCSIP02,FENWEBCSIP02.mneti.local
FENWEBCSIS01,FENWEBCSIS01.mneti.local
FENWEBISAP01,fenwebisap01.mneti.local
FENWEBMCP10,fenwebmcp10.mneti.local
FENWEBMCP11,fenwebmcp11.mneti.local
FENWEBMCP12,fenwebmcp12.mneti.local
FENWEBMCP13,fenwebmcp13.mneti.local
FENWEBMCP14,fenwebmcp14.mneti.local
FENWEBMCP15,fenwebmcp15.mneti.local
FENWEBMCP18,fenwebmcp18.mneti.local
FENWEBMCP19,FENWEBMCP19.mneti.local
FENWEBMCP20,FENWEBMCP20.mneti.local
fenwebmcp21,FENWEBMCP21.mneti.local
FENWEBMCP22,FENWEBMCP22.mneti.local
FENWEBMCP23,FENWEBMCP23.mpni.local
FENWEBMCP24,FENWEBMCP24.mpni.local
FENWEBMCP25,FENWEBMCP25.mneti.local
FENWEBMCP26,FENWEBMCP26.mneti.local
FENWEBMCP27,FENWEBMCP27.mneti.local
FENWEBMCP28,FENWEBMCP28.mneti.local
FENWEBMCP29,FENWEBMCP29.mneti.local
FENWEBMCP30,FENWEBMCP30.mneti.local
FENWEBMCP31,FENWEBMCP31.mneti.local
FENWEBMCP32,FENWEBMCP32.mneti.local
FENWEBMCP33,FENWEBMCP33.mneti.local
FENWEBMCP34,FENWEBMCP34.mpni.local
FENWEBMCP35,FENWEBMCP35.mneti.local
FENWEBMCP36,FENWEBMCP36.mneti.local
FENWEBMCS03,fenwebmcs03.mneti.local
FENWEBMCS04,fenwebmcs04.mneti.local
FENWEBMCS05,FENWEBMCS05.mneti.local
FENWEBMCS06,FENWEBMCS06.mneti.local
FENWEBMCS07,FENWEBMCS07.mneti.local
FENWEBMCS08,FENWEBMCS08.mneti.local
FENWEBMGD04,FENWEBMGD04.us.maritz.net
FENWEBMGD22,FENWEBMGD22.us.maritz.net
FENWEBMGD25,FENWEBMGD25.us.maritz.net
FENWEBMGD26,FENWEBMGD26.us.maritz.net
FENWEBMGD27,FENWEBMGD27.us.maritz.net
FENWEBMGD28,
FENWEBMGD29,FENWEBMGD29.us.maritz.net
FENWEBMGMP03,fenwebmgmp03.mneti.local
FENWEBMGMP04,fenwebmgmp04.us.maritz.net
FENWEBMGMP04-NEW,FENWEBMGMP04-NEW.us.maritz.net
FENWEBMGP43,FENWEBMGP43.us.maritz.net
FENWEBMGP45,FENWEBMGP45.us.maritz.net
FENWEBMGP46,fenwebmgp46.mneti.local
FENWEBMGP46-NEW,FENWEBMGP46-NEW.mneti.local
FENWEBMGP47,FENWEBMGP47.us.maritz.net
FENWEBMGP48,fenwebmgp48.us.maritz.net
FENWEBMGP48-NEW,FENWEBMGP48-NEW.us.maritz.net
FENWEBMGP49,fenwebmgp49
FENWEBMGP55,FENWEBMGP55.us.maritz.net
FENWEBMGP55-Donotpoweron,
FENWEBMGP62,FENWEBMGP62.us.maritz.net
FENWEBMGP62-Donotpoweron,fenwebmgp62.us.maritz.net
FENWEBMGP71,FENWEBMGP71.us.maritz.net
FENWEBMGP73,FENWEBMGP73.us.maritz.net
FENWEBMGP74,FENWEBMGP74.us.maritz.net
FENWEBMGP75,FENWEBMGP75.us.maritz.net
FENWEBMGP76,FENWEBMGP76.us.maritz.net
FENWEBMGP77,fenwebmgp77.us.maritz.net
FENWEBMGP78,FENWEBMGP78.mpn.local
FENWEBMGP79,FENWEBMGP79.mpn.local
FENWEBMGP81,FENWEBMGP81.us.maritz.net
FENWEBMGP82,FENWEBMGP82.us.maritz.net
FENWEBMGP83,FENWEBMGP83.us.maritz.net
FENWEBMGP84,FENWEBMGP84.mneti.local
FENWEBMGP85,FENWEBMGP85.us.maritz.net
FENWEBMGP86,FENWEBMGP86.us.maritz.net
FENWEBMGP87,FENWEBMGP87.us.maritz.net
FENWEBMGP88,FENWEBMGP88.us.maritz.net
FENWEBMGP89,FENWEBMGP89.us.maritz.net
FENWEBMGS07,FENWEBMGS07.mneti.local
FENWEBMGS13,FENWEBMGS13.us.maritz.net
FENWEBMGS16,FENWEBMGS16.us.maritz.net
FENWEBMGS19,
FENWEBMGS20,FENWEBMGS20.us.maritz.net
FENWEBMGS21,FENWEBMGS21.mneti.local
FENWEBMGS22,FENWEBMGS22.mneti.local
FENWEBMGT03,fenwebmgt03.us.maritz.net
FENWEBMLD02,fenwebmld02.us.maritz.net
FENWEBMLD03,fenwebmld03.us.maritz.net
FENWEBMLMD09,fenwebmlmd09.us.maritz.net
FENWEBMLMD10,fenwebmlmd10.us.maritz.net
FENWEBMLMD16,FENWEBMLMD16.mneti.local
FENWEBMLMP106,fenwebmlmp106.us.maritz.net
FENWEBMLMP107,
FENWEBMLMP110,fenwebmlmp110.us.maritz.net
FENWEBMLMP113,fenwebmlmp113.mpni.local
FENWEBMLMP114,fenwebmlmp114.mneti.local
FENWEBMLMP115,fenwebmlmp115.mnete.local
FENWEBMLMP116,fenwebmlmp116.mnete.local
FENWEBMLMP118,FENWEBMLMP118.mneti.local
FENWEBMLMP29,fenwebmlmp29.mneti.local
FENWEBMLMP30,fenwebmlmp30.mneti.local
fenwebmlmp506,fenwebmlmp506.mneti.local
fenwebmlmp507,fenwebmlmp507.mneti.local
fenwebmlmp508,fenwebmlmp508.mneti.local
fenwebmlmp509,fenwebmlmp509.mneti.local
fenwebmlmp510,fenwebmlmp510.mneti.local
fenwebmlmp511,fenwebmlmp511.mneti.local
fenwebmlmp512,fenwebmlmp512.mneti.local
fenwebmlmp513,fenwebmlmp513.mneti.local
fenwebmlmp514,fenwebmlmp514.mneti.local
FENWEBMLMP86,fenwebmlmp86.mpn.local
FENWEBMLMP88,fenwebmlmp88.us.maritz.net
FENWEBMLMP89,fenwebmlmp89.mneti.local
FENWEBMLMS24,fenwebmlms24.mpn.local
FENWEBMLMS25,fenwebmlms25.us.maritz.net
FENWEBMLMS33,fenwebmlms33.mneti.local
FENWEBMLMS35,fenwebmlms35.mneti.local
FENWEBMLMS41,fenwebmlms41.mneti.local
FENWEBMLMS42,fenwebmlms42.mneti.local
FENWEBMLMS49,FENWEBMLMS49.mneti.local
FENWEBMLP04,fenwebmlp04.mneti.local
FENWEBMLP08,fenwebmlp08.mneti.local
FENWEBMLP10,fenwebmlp10.mneti.local
FENWEBMLP16,fenwebmlp16.mneti.local
FENWEBMLS02,fenwebmls02.mneti.local
FENWEBMLS03,fenwebmls03.mneti.local
FENWEBMLS04,FENWEBMLS04.mneti.local
FENWEBMMD01,FENWEBMMD01.us.maritz.net
FENWEBMMD02,fenwebmmd02.us.maritz.net
FENWEBMMD04,FENWEBMMD04.us.maritz.net
FENWEBMMD05,FENWEBMMD05.us.maritz.net
FENWEBMMD06,FENWEBMMD06.us.maritz.net
FENWEBMMD08,FENWEBMMD08.us.maritz.net
FENWEBMMD09,FENWEBMMD09.us.maritz.net
FENWEBMMD10,FENWEBMMD10.us.maritz.net
FENWEBMMD11,FENWEBMMD11.us.maritz.net
FENWEBMMD12,FENWEBMMD12.us.maritz.net
FENWEBMMP03,fenwebmmp03.mneti.local
FENWEBMMP06,FENWEBMMP06.mneti.local
FENWEBMMP07,FENWEBMMP07.mneti.local
FENWEBMMP08,FENWEBMMP08.mneti.local
FENWEBMMP09,FENWEBMMP09.mneti.local
FENWEBMMP10,FENWEBMMP10.mneti.local
FENWEBMMP11,FENWEBMMP11.mneti.local
FENWEBMMP12,FENWEBMMP12.mneti.local
FENWEBMMP13,FENWEBMMP13.mneti.local
FENWEBMMP15,fenwebmmp15.mneti.local
FENWEBMMP16,fenwebmmp16.mneti.local
FENWEBMMP17,fenwebmmp17.mneti.local
FENWEBMMP18,fenwebmmp18.mneti.local
FENWEBMMP19,fenwebmmp19.mneti.local
FENWEBMMP21,fenwebmmp21.mneti.local
FENWEBMMP22,fenwebmmp22.mpni.local
FENWEBMMP23,fenwebmmp23.mpni.local
FENWEBMMP24,fenwebmmp24.mneti.local
FENWEBMMP25,fenwebmmp25.mneti.local
FENWEBMMP28,FENWEBMMP28.mneti.local
FENWEBMMP29,FENWEBMMP29.mneti.local
FENWEBMMP30,FENWEBMMP30.mpni.local
FENWEBMMP31,FENWEBMMP31.mpni.local
FENWEBMMP32,FENWEBMMP32.mpni.local
FENWEBMMP33,FENWEBMMP33.mpne.local
FENWEBMMP34,FENWEBMMP34.mpne.local
FENWEBMMP35,FENWEBMMP35.mneti.local
FENWEBMMP36,FENWEBMMP36.mneti.local
FENWEBMMP37,FENWEBMMP37.mneti.local
FENWEBMMP39,FENWEBMMP39.mneti.local
FENWEBMMP40,FENWEBMMP40.mneti.local
FENWEBMMP41,FENWEBMMP41.mneti.local
FENWEBMMP49,FENWEBMMP49.mneti.local
FENWEBMMP50,
FENWEBMMP51,FENWEBMMP51.mneti.local
FENWEBMMP52,FENWEBMMP52.us.maritz.net
FENWEBMMP53,FENWEBMMP53.us.maritz.net
FENWEBMMP55,FENWEBMMP55.mnete.local
FENWEBMMP56,FENWEBMMP56.us.maritz.net
FENWEBMMP57,FENWEBMMP57.mpni.local
FENWEBMMP58,FENWEBMMP58.mpni.local
FENWEBMMP59,FENWEBMMP59.mneti.local
FENWEBMMP60,FENWEBMMP60.mneti.local
FENWEBMMP61,FENWEBMMP61.mpni.local
FENWEBMMP62,FENWEBMMP62.mneti.local
FENWEBMMP63,FENWEBMMP63.mneti.local
FENWEBMMP64,FENWEBMMP64.mpni.local
FENWEBMMS08,fenwebmms08.mneti.local
FENWEBMMS09,fenwebmms09.mneti.local
FENWEBMMS10,FENWEBMMS10.mpni.local
FENWEBMMS11,FENWEBMMS11.mpni.local
FENWEBMMS12,FENWEBMMS12.mpne.local
FENWEBMMS13,FENWEBMMS13.mpne.local
FENWEBMMS14,FENWEBMMS14.mneti.local
FENWEBMMS15,FENWEBMMS15.mneti.local
FENWEBMMS16,FENWEBMMS16.mneti.local
FENWEBMMS19,FENWEBMMS19.us.maritz.net
FENWEBMMS20,FENWEBMMS20.mneti.local
FENWEBMMS21,FENWEBMMS21.mneti.local
FENWEBMMS23,FENWEBMMS23.mneti.local
FENWEBMPD05,Fenwebmpd05
FENWEBMPD07,fenwebmpd07.us.maritz.net
FENWEBMPD15,fenwebmpd15.us.maritz.net
FENWEBMPD16,fenwebmpd16.us.maritz.net
FENWEBMRD12,fenwebmrd12.us.maritz.net
FENWEBMRD17,fenwebmrd17.us.maritz.net
FENWEBMRD18,fenwebmrd18.us.maritz.net
FENWEBMRD19,FENWEBMRD19.us.maritz.net
FENWEBMRD21,FENWEBMRD21.us.maritz.net
FENWEBMRD24,FENWEBMRD24.us.maritz.net
FENWEBMRD25,FENWEBMRD25.us.maritz.net
FENWEBMRD26,FENWEBMRD26.us.maritz.net
FENWEBMRD27,FENWEBMRD27.us.maritz.net
FENWEBMRD28,FENWEBMRD28.us.maritz.net
FENWEBMRP100,fenwebmrp100.us.maritz.net
FENWEBMRP101,fenwebmrp101.mneti.local
FENWEBMRP102,fenwebmrp102.mneti.local
FENWEBMRP105,fenwebmrp105.us.maritz.net
FENWEBMRP108,FENWEBMRP108.mneti.local
FENWEBMRP110,FENWEBMRP110.us.maritz.net
FENWEBMRP117,FENWEBMRP117.mneti.local
FENWEBMRP118,FENWEBMRP118.mneti.local
FENWEBMRP119,FENWEBMRP119.mneti.local
FENWEBMRP120,FENWEBMRP120.mneti.local
FENWEBMRP121,FENWEBMRP121.mneti.local
FENWEBMRP122,FENWEBMRP122.mneti.local
FENWEBMRP123,FENWEBMRP123.mneti.local
FENWEBMRP124,FENWEBMRP124.mneti.local
FENWEBMRP125,FENWEBMRP125.mneti.local
FENWEBMRP126,FENWEBMRP126.mnete.local
FENWEBMRP127,FENWEBMRP127.mneti.local
fenwebmrp128,fenwebmrp128.mneti.local
FENWEBMRP129,FENWEBMRP129.mneti.local
FENWEBMRP130,FENWEBMRP130.mneti.local
FENWEBMRP131,FENWEBMRP131.mneti.local
FENWEBMRP61,fenwebmrp61.us.maritz.net
FENWEBMRP62,fenwebmrp62.mneti.local
FENWEBMRP63,fenwebmrp63.mneti.local
FENWEBMRP64,fenwebmrp64.mneti.local
FENWEBMRP65,fenwebmrp65.mneti.local
FENWEBMRP68,fenwebmrp68.mneti.local
FENWEBMRP69,fenwebmrp69.mneti.local
FENWEBMRP71,fenwebmrp71.mneti.local
FENWEBMRP76,fenwebmrp76.mneti.local
FENWEBMRP79,fenwebmrp79.mneti.local
FENWEBMRP80,fenwebmrp80.mneti.local
FENWEBMRP84,fenwebmrp84.mneti.local
FENWEBMRP94,fenwebmrp94.us.maritz.net
FENWEBMRP99,fenwebmrp99.mneti.local
FENWEBMRS06,fenwebmrs06.mneti.local
FENWEBMRS08,fenwebmrs08.mneti.local
FENWEBMRS09,fenwebmrs09.mneti.local
FENWEBMRS12,fenwebmrs12.mneti.local
FENWEBMRS14,FENWEBMRS14.mneti.local
FENWEBMRS15,FENWEBMRS15.mneti.local
FENWEBMRS16,FENWEBMRS16.mneti.local
FENWEBMRS17,FENWEBMRS17.mneti.local
FENWEBMRS18,FENWEBMRS18.mneti.local
fenwebmrs19,fenwebmrs19.mneti.local
FENWEBMRS20,FENWEBMRS20.mneti.local
FENWEBMTD06,fenwebmtd06.us.maritz.net
FENWEBMTP34,FENWEBMTP34.mneti.local
FENWEBMTP35,FENWEBMTP35.mneti.local
FENWEBMTP36,FENWEBMTP36.mneti.local
FENWEBMTP39,FENWEBMTP39.mpni.local
FENWEBMTP40,FENWEBMTP40.mpni.local
FENWEBMTP43,FENWEBMTP43.mneti.local
FENWEBMTS17,FENWEBMTS17.us.maritz.net
FENWEBMTS18,FENWEBMTS18.mneti.local
FENWEBMTS19,FENWEBMTS19.mneti.local
FENWEBMTS20,FENWEBMTS20.mpni.local
FENWEBMTS22,FENWEBMTS22.us.maritz.net
FENWEBMTS42,FENWEBMTS42.mneti.local
FENWEBNICEP01,FENWEBNICEP01.us.maritz.net
FENWEBOPS05,fenwebops05
FENWEBOPS09,fenwebops09.us.maritz.net
FENWEBOPS20,fenwebops20.mneti.local
FENWEBQTPP01,fenwebqtpp01.us.maritz.net
FENWEBREWD801V,FENWEBREWD801V.us.maritz.net
FENWEBSCD01,fenwebscd01.us.maritz.net
FENWEBSCS01,fenwebscs01.us.maritz.net
FENWINS01,fenwins01.us.maritz.net
fenwks012,
fenwks013,
fenwks014,
fenwks015,
fenwks016,
fenwks017,fenwks017.us.maritz.net
fenwks018,fenwks018.us.maritz.net
fenwks019,fenwks019.us.maritz.net
fenwks020,
fenwks021,
fenwks022,
fenwks023,fenwks023.us.maritz.net
fenwks024,fenwks024.us.maritz.net
fenwks025,fenwks025.us.maritz.net
fenwks026,fenwks026.us.maritz.net
fenwks027,fenwks027.us.maritz.net
fenwks028,fenwks028.us.maritz.net
fenwks030,FENWKS030.us.maritz.net
FENXENAPPD052,FENXENAPPD052.us.maritz.net
FENXENAPPD053,FENXENAPPD053.us.maritz.net
FENXENAPPd056,FENXENAPPD056.us.maritz.net
FENXENAPPP041,FENXENAPPP041.us.maritz.net
FENXENAPPP044,FENXENAPPP044.us.maritz.net
FENXENAPPP076,FENXENAPPP076.us.maritz.net
FENXENAPPP077,FENXENAPPP077.us.maritz.net
FENXENAPPP078,FENXENAPPP078.us.maritz.net
FENXENAPPP143,FENXENAPPP143.us.maritz.net
FENXENAPPP144,FENXENAPPP144.us.maritz.net
FENXENAPPP146,FENXENAPPP146.us.maritz.net
FENXENAPPP147,FENXENAPPP147.us.maritz.net
FENXENAPPP148,FENXENAPPP148.us.maritz.net
FENXENAPPP149,FENXENAPPP149.us.maritz.net
FENXENAPPP150,FENXENAPPP150.us.maritz.net
FENXENAPPP151,FENXENAPPP151.us.maritz.net
FENXENAPPP152,FENXENAPPP152.us.maritz.net
FENXENAPPP153,FENXENAPPP153.us.maritz.net
FENXENAPPP154,FENXENAPPP154.us.maritz.net
FENXENAPPP155,FENXENAPPP155.us.maritz.net
FENXENAPPP156,FENXENAPPP156.us.maritz.net
FENXENAPPP157,FENXENAPPP157.us.maritz.net
FENXENAPPP158,FENXENAPPP158.us.maritz.net
FENXENAPPP159,FENXENAPPP159.us.maritz.net
FENXENAPPP160,FENXENAPPP160.us.maritz.net
FENXENAPPP161,FENXENAPPP161.us.maritz.net
FENXENAPPP162,FENXENAPPP162.us.maritz.net
FENXENAPPP163,FENXENAPPP163.us.maritz.net
FENXENAPPP164,FENXENAPPP164.us.maritz.net
FENXENAPPP165,FENXENAPPP165.us.maritz.net
FENXENAPPP166,FENXENAPPP166.us.maritz.net
FENXENAPPP167,FENXENAPPP167.us.maritz.net
FENXENAPPP168,FENXENAPPP168.us.maritz.net
FENXENAPPP169,FENXENAPPP169.us.maritz.net
FENXENAPPP170,FENXENAPPP170.us.maritz.net
FENXENAPPP183,FENXENAPPP183.us.maritz.net
FENXENAPPP184,FENXENAPPP184.us.maritz.net
FENXENAPPP185,FENXENAPPP185.us.maritz.net
FENXENAPPP186,FENXENAPPP186.us.maritz.net
FENXENAPPP187,FENXENAPPP187.us.maritz.net
FENXENAPPP188,FENXENAPPP188.us.maritz.net
FENXENAPPP189,FENXENAPPP189.us.maritz.net
FENXENAPPP201,FENXENAPPP201.us.maritz.net
FENXENAPPP203,FENXENAPPP203.us.maritz.net
FENXENAPPP210,FENXENAPPP210.us.maritz.net
FENXENAPPP305,FENXENAPPP305.mpn.local
FENXENDDC021,FENXENDDC021.us.maritz.net
FENXENDDC022,FENXENDDC022.us.maritz.net
FENXENMCS001,FENXENMCS001.us.maritz.net
FENXENPVSP03,FENXENPVSP03.us.maritz.net
FENXENSTORP03,FENXENSTORP03.us.maritz.net
FENXENSTORP04,FENXENSTORP04.us.maritz.net
M2UA5390W01- do not reboot,m2ua5390w01.us.maritz.net
MAUDRWAPMMP08,
NS1,NS1
NS2008-NEW,NS2008-NEW.mnete.local
NS2012-NEW,NS2012-NEW
TR-FENMRCATI09,tr-fenmrcati09
tr-fenmrpxy01,fenmrpxy01
TR-FENMRWEB05,tr-fenmrweb05
vSphere Replication Appliance,localhost.localdom
XTWIN8TMPL002,
